K,WCSS_Inertia,Silhouette_Score,Davies_Bouldin_Index,Calinski_Harabasz_Index,Iterations_to_Converge,WCSS_Reduction_Percentage,Silhouette_Rank,Davies_Bouldin_Rank,Calinski_Harabasz_Rank,Average_Internal_Validation_Rank,Seed_Runs,Mean_Seed_ARI,Median_Seed_ARI,Minimum_Seed_ARI,Maximum_Seed_ARI,Seed_ARI_Standard_Deviation,Perfect_Seed_Matches,Subsample_Runs,Sample_Fraction,Sample_Size,Mean_Subsample_ARI,Median_Subsample_ARI,Minimum_Subsample_ARI,Maximum_Subsample_ARI,Subsample_ARI_Standard_Deviation,Smallest_Cluster_Count,Largest_Cluster_Count,Smallest_Cluster_Percentage,Largest_Cluster_Percentage,Largest_to_Smallest_Ratio,All_Clusters_At_Least_5_Percent,Mean_Seed_ARI_Rank,Mean_Subsample_ARI_Rank,Average_Stability_Rank
2,11101.9913,0.3262,1.1444,2692.526,8,,1.0,1.0,1.0,1.0,30,1.0,1.0,1.0,1.0,0.0,30,50,0.8,3470,0.9875,0.9879,0.9702,1.0,0.0077,2043,2295,47.0954,52.9046,1.1233,True,1.0,1.0,1.0
3,9093.9108,0.2493,1.2964,2121.7776,13,18.0876,4.0,9.0,2.0,5.0,30,0.9995,1.0,0.9971,1.0,0.0011,24,50,0.8,3470,0.976,0.9846,0.9108,0.9982,0.023,979,2039,22.568,47.0032,2.0827,True,3.0,2.0,2.5
4,7860.464,0.2522,1.2088,1862.8098,19,13.5634,2.0,7.0,3.0,4.0,30,0.9984,0.9993,0.9901,1.0,0.0024,10,50,0.8,3470,0.9394,0.9655,0.5239,0.9952,0.0995,682,1741,15.7215,40.1337,2.5528,True,4.0,4.0,4.0
5,6866.0351,0.2512,1.223,1755.9685,37,12.651,3.0,8.0,4.0,5.0,30,0.9999,1.0,0.9996,1.0,0.0002,23,50,0.8,3470,0.9557,0.9588,0.8729,0.9955,0.0228,520,1454,11.9871,33.5178,2.7962,True,2.0,3.0,2.5
6,6155.6332,0.2338,1.1735,1666.5317,24,10.3466,5.0,2.0,5.0,4.0,30,0.958,0.9582,0.9327,0.9957,0.0115,0,50,0.8,3470,0.8719,0.9234,0.7058,0.9703,0.0927,380,1056,8.7598,24.343,2.7789,True,8.0,5.0,6.5
7,5678.4958,0.2211,1.2051,1565.764,30,7.7512,6.0,5.0,6.0,5.6667,30,0.9847,0.9949,0.8799,1.0,0.0335,1,50,0.8,3470,0.7302,0.8369,0.4908,0.9853,0.1938,334,979,7.6994,22.568,2.9311,True,5.0,9.0,7.0
8,5317.5527,0.2201,1.2057,1474.8426,43,6.3563,7.0,6.0,7.0,6.6667,30,0.948,0.9571,0.8957,0.9959,0.0344,0,50,0.8,3470,0.7517,0.8426,0.4251,0.9454,0.17,224,834,5.1637,19.2254,3.7232,True,9.0,8.0,8.5
9,4974.1588,0.2181,1.1835,1416.6163,28,6.4577,8.0,3.0,8.0,6.3333,30,0.9736,0.9751,0.9533,1.0,0.013,1,50,0.8,3470,0.7624,0.8113,0.4674,0.9545,0.1552,177,786,4.0802,18.1189,4.4407,False,6.0,7.0,6.5
10,4701.6076,0.2176,1.2015,1359.7734,32,5.4793,9.0,4.0,9.0,7.3333,30,0.9624,0.9627,0.9108,1.0,0.0233,1,50,0.8,3470,0.7655,0.8263,0.4902,0.9547,0.159,103,743,2.3744,17.1277,7.2136,False,7.0,6.0,6.5
